Wall time,Step,Value
1610288397.9578748,1,0.17005814611911774
1610288457.6557372,2,0.6075581312179565
1610288517.0260081,3,0.7732558250427246
1610288576.5555756,4,0.9098837375640869
1610288636.1120956,5,0.8968023061752319
1610288694.9012704,6,0.9476743936538696
1610288752.8616843,7,0.9665697813034058
1610288811.4044633,8,0.9869186282157898
1610288869.442619,9,0.9767441749572754
1610288927.5512195,10,0.9651162624359131
1610288985.8510091,11,0.9636628031730652
1610289044.1994407,12,0.9680232405662537
1610289102.1898096,13,0.9811046719551086
1610289160.415477,14,0.979651153087616
1610289218.3220303,15,0.9869186282157898
